method,seeds,accuracy_mean,accuracy_sample_sd,macro_f1_mean,macro_f1_sample_sd,balanced_accuracy_mean,balanced_accuracy_sample_sd,good_auprc_mean,good_auprc_sample_sd,good_precision_mean,good_precision_sample_sd,good_recall_mean,good_recall_sample_sd,bad_recall_mean,bad_recall_sample_sd,auroc_mean,auroc_sample_sd
li2021_cnn,3,0.9553367118331356,0.0011463775738447103,0.8800639572208864,0.0012293014707873949,0.8929765184128851,0.005197026484729131,0.86483052440071,0.0037646648696069173,0.7574978961970702,0.013984019878424082,0.8150143678160919,0.013084774137993515,0.9709386690096782,0.002710570459054745,0.9830743709353639,0.00030891699222428825
gan2021_cnn,3,0.9538511303597743,0.0008942138018635273,0.8777494682102258,0.0018706609951507187,0.8960354414163714,0.0009662205200816566,0.8548890835553297,0.004734253101513783,0.7430202978560816,0.006288288110203769,0.8237547892720306,0.0021651270737577874,0.9683160935607119,0.001079303489687257,0.9821996770287393,0.00018603726975199177
gong_cnn_bilstm,3,0.9605721884771592,0.0001245049640634392,0.8910063731560817,0.001178258872775537,0.8927459465915164,0.006486604893669507,0.8874292534666991,0.0006530221441961234,0.800193841854619,0.00960782928056108,0.8079501915708812,0.014732850912204096,0.9775417016121516,0.0017610365943062974,0.985602127826185,0.00037680631227824757
gan_cnn,3,0.9520899974840958,0.0018142442531896515,0.875060032329814,0.003879358310927756,0.8997926237942373,0.01629630525262805,0.8461593554920849,0.0081993414562433,0.7281460414076815,0.022149232461020924,0.8344109195402298,0.03777362792006995,0.9651743280482448,0.005507493878139498,0.9812329021515707,0.0008986120049788778
deeprfqc,3,0.9557320681929818,0.0006432756476612842,0.8825986987788393,0.004456427108205129,0.9010711991400694,0.015796096425255285,0.8689111476253929,0.008348703690803644,0.7522179933718842,0.0144097930120625,0.8327346743295019,0.0350769222859636,0.969407723950637,0.0035389397207357585,0.9832455669921206,0.001424912431637192
hegaz_capsule,3,0.9436197869867855,0.0016797919700809248,0.8571161168591429,0.0011805534743826774,0.8918408451398193,0.007815826361432151,0.8026884356813838,0.0019685931890583296,0.6797258513298668,0.015459785470277257,0.8271072796934865,0.019655352710853276,0.9565744105861521,0.004038318046748691,0.9754408816690407,5.4051841959129784e-05
chen2026_image,3,0.9562711905018629,0.0009123287143009036,0.8851797221529774,0.0029064646311043633,0.9075430475010707,0.005315811525099877,0.8765189554159613,0.0036457597898853175,0.7490513605780249,0.0030674933519998526,0.8466235632183907,0.010959875217235883,0.9684625317837506,0.0006100584015543348,0.9843690777253385,0.00039095410616054254
reference_ag3,3,0.9543063891983851,0.002230786324902959,0.878092993351422,0.005623916714223478,0.8935214800543335,0.004760636755325705,0.8591805397430595,0.005701272326953557,0.7488947879778606,0.011708926360338026,0.8175287356321839,0.007926751613043775,0.9695142244764834,0.0015996697168776846,0.9820441987893522,0.0013674057584885063
reference_multifilter,3,0.9553606728246415,0.0023494298954683797,0.8805956760013864,0.005798010178437353,0.8951182156793257,0.0088948550085403,0.8625281998901908,0.00897010365952826,0.7554300916733729,0.01747448702310424,0.8198036398467433,0.019250773674584276,0.9704327915119081,0.0030468912151789935,0.9826920028701586,0.0012158765209534848
xiong2025_fcm,3,0.858606189124106,1.3597399555105182e-16,0.7302883681484186,1.3597399555105182e-16,0.8520039987619313,1.3597399555105182e-16,0.39835528794234,5.433856765611914e-07,0.40167578659370723,0.0,0.84375,0.0,0.8602579975238628,0.0,0.9068356190014076,1.007590395940156e-07
