method,seed,threshold,accuracy,macro_f1,balanced_accuracy,good_precision,good_recall,bad_recall,good_auprc,auroc
li2021_cnn,20260928,0.81,0.9540667792833267,0.8788496613644773,0.8989753642363889,0.7416559691912709,0.8301005747126436,0.9678501537601342,0.8632088719363544,0.9830918651960412
li2021_cnn,20260929,0.86,0.9562951514933687,0.8813077339937962,0.8898375574333923,0.7681258549931601,0.8067528735632183,0.9729222413035664,0.8691342554475213,0.9833741690548952
li2021_cnn,20260930,0.89,0.9556482047227114,0.8800344763043857,0.8901166335688739,0.7627118644067796,0.8081896551724138,0.9720436119653341,0.8621484458182544,0.9827570785551549
gan2021_cnn,20260928,0.85,0.9548215505157603,0.8798519699507548,0.896681019563504,0.7494282914080366,0.8239942528735632,0.9693677862534447,0.8568763496790155,0.9822310887544166
gan2021_cnn,20260929,0.8400000000000001,0.9536714229234806,0.877127154843664,0.8949246144405532,0.7427736278012341,0.8214798850574713,0.9683693438236352,0.858305805631617,0.9823680087798667
gan2021_cnn,20260930,0.8,0.953060417640082,0.8762692798362586,0.8965006902450567,0.7368589743589744,0.8257902298850575,0.9672111506050561,0.8494850953553567,0.9819999335519349
gong_cnn_bilstm,20260928,0.8400000000000001,0.9604284225281242,0.8921139950795685,0.8993172733868497,0.790272507761297,0.8229166666666666,0.975717880107033,0.8881831126644659,0.9860358358202583
gong_cnn_bilstm,20260929,0.9,0.9606440714516766,0.889768329611635,0.8863475205690616,0.8094540124587761,0.7934626436781609,0.9792323974599625,0.8870668205318161,0.9854153741427739
gong_cnn_bilstm,20260930,0.88,0.9606440714516766,0.8911367947770419,0.8925730458186378,0.8008550053437834,0.8074712643678161,0.9776748272694596,0.887037827203815,0.9853551735155226
gan_cnn,20260928,0.92,0.951802465586026,0.8708861050176605,0.8844681320129104,0.7394623299037504,0.8002873563218391,0.9686489077039818,0.8380861428258204,0.9802650752756733
gan_cnn,20260929,0.9,0.954030837796068,0.8785552463184696,0.8979976222724734,0.7423510466988728,0.8279454022988506,0.9680498422460961,0.8544792582485364,0.9820408323934203
gan_cnn,20260930,0.81,0.9504366890701937,0.8757387456533121,0.9169121170973282,0.7026247476204212,0.875,0.9588242341946563,0.8459126654018979,0.9813927987856185
deeprfqc,20260928,0.8200000000000001,0.9564748589296626,0.8865042950401594,0.9118065544761667,0.7463200751644222,0.8559626436781609,0.9676504652741723,0.8710767197193049,0.9839199268681088
deeprfqc,20260929,0.81,0.9553606728246414,0.8835475348348777,0.9084738296762798,0.7416927899686521,0.8498563218390804,0.967091337513479,0.8759636904867472,0.9842081195289373
deeprfqc,20260930,0.8400000000000001,0.9553606728246414,0.8777442664614807,0.8829332132677621,0.7686411149825784,0.7923850574712644,0.9734813690642597,0.8596930326701264,0.9816086545793161
hegaz_capsule,20260928,0.79,0.9454767638284872,0.8582428471112163,0.8828691608906198,0.6971677559912854,0.8045977011494253,0.9611406206318144,0.8007357010500626,0.9754429784937795
hegaz_capsule,20260929,0.75,0.9422060884879416,0.8558882476246359,0.8971745097762434,0.6677124928693668,0.8408764367816092,0.9534725827708774,0.8046725131432353,0.9753858119264981
hegaz_capsule,20260930,0.76,0.9431765086439277,0.8572172558415765,0.8954788647525951,0.6742973051289481,0.8358477011494253,0.955110028355765,0.8026570928508534,0.9754938545868446
chen2026_image,20260928,0.87,0.9552528483628653,0.8821363921357837,0.9029865421436811,0.74624,0.8376436781609196,0.9683294061264428,0.8723238399593152,0.9839417319326677
chen2026_image,20260929,0.8400000000000001,0.95654674190418,0.8854761755648706,0.9062594823339958,0.7523229734059597,0.8433908045977011,0.9691281600702903,0.8783126724383181,0.9844567474739407
chen2026_image,20260930,0.81,0.9570139812385436,0.8879265987582776,0.9133831180255354,0.7485911083281153,0.8588362068965517,0.967930029154519,0.8789203538502502,0.9847087537694071
reference_ag3,20260928,0.86,0.9539589548215505,0.8772613168210059,0.8930091901461307,0.7467980295566502,0.8168103448275862,0.9692080354646752,0.8657378436620969,0.9822383905819565
reference_ag3,20260929,0.8200000000000001,0.9522697049203896,0.8729312268600979,0.8890377060635983,0.7383759004584152,0.8099856321839081,0.9680897799432885,0.8553960912521973,0.9805900783283824
reference_ag3,20260930,0.89,0.956690507853215,0.884086436373162,0.898517543953272,0.761510433918516,0.8257902298850575,0.9712448580214865,0.8564076843148845,0.9833041274577177
reference_multifilter,20260928,0.9,0.9575531035474248,0.8844550167338222,0.8921327556597913,0.7755242351323479,0.8103448275862069,0.9739206837333759,0.8721294905412704,0.9834214587886575
reference_multifilter,20260929,0.9,0.9528807102037883,0.8739282805626802,0.8881001456693076,0.7437934458788481,0.8071120689655172,0.969088222373098,0.8610926954291317,0.9812883926936048
reference_multifilter,20260930,0.93,0.9556482047227114,0.883403730707657,0.905121745708878,0.7469725940089229,0.8419540229885057,0.9682894684292503,0.85436241370017,0.9833661571282134
xiong2025_fcm,20260928,0.8300000000000001,0.8586061891241059,0.7302883681484185,0.8520039987619314,0.40167578659370723,0.84375,0.8602579975238628,0.3983547336150313,0.9068355233651596
xiong2025_fcm,20260929,0.8300000000000001,0.8586061891241059,0.7302883681484185,0.8520039987619314,0.40167578659370723,0.84375,0.8602579975238628,0.39835581968195477,0.9068357242012806
xiong2025_fcm,20260930,0.8300000000000001,0.8586061891241059,0.7302883681484185,0.8520039987619314,0.40167578659370723,0.84375,0.8602579975238628,0.398355310530034,0.9068356094377829
